Region;year;quarter;total;18-24;25-34;35-44;45-54;55+
Dolnoslaskie;2025;1;59416;6513;12888;15803;14113;10099
Kujawsko-pomorskie;2025;1;57163;7983;13879;14728;12339;8234
Lubelskie;2025;1;57353;8556;14582;14565;11614;8036
Lubuskie;2025;1;17349;2089;3807;4522;4030;2901
Lodzkie;2025;1;57109;6095;12212;14723;14067;10012
Malopolskie;2025;1;64294;9620;15701;16038;12957;9978
Mazowieckie;2025;1;113866;12934;25987;29746;26486;18713
Opolskie;2025;1;20813;2396;4656;5274;4527;3960
Podkarpackie;2025;1;69031;9592;17403;17851;13832;10353
Podlaskie;2025;1;31185;3727;7480;8250;6528;5200
Pomorskie;2025;1;45965;6434;11177;11794;9832;6728
Slaskie;2025;1;68730;8390;14857;18425;16024;11034
Swietokrzyskie;2025;1;33316;4377;8025;8653;7130;5131
Warminsko-mazurskie;2025;1;41016;5451;9382;10378;8758;7047
Wielkopolskie;2025;1;51229;7756;12000;12883;10834;7756
Zachodniopomorskie;2025;1;42038;4685;9311;11016;9750;7276
Dolnoslaskie;2024;4;55474;5887;11729;14743;13265;9850
Kujawsko-pomorskie;2024;4;55333;7860;13305;14276;11865;8027
Lubelskie;2024;4;55774;8528;14070;14073;11219;7884
Lubuskie;2024;4;15926;1932;3467;4066;3688;2773
Lodzkie;2024;4;53336;5715;11055;13730;13213;9623
Malopolskie;2024;4;60654;9208;14382;14987;12288;9789
Mazowieckie;2024;4;109020;12394;24560;28382;25408;18276
Opolskie;2024;4;19997;2240;4380;4964;4390;4023
Podkarpackie;2024;4;67336;9732;16821;17222;13370;10191
Podlaskie;2024;4;30354;3742;7257;7961;6283;5111
Pomorskie;2024;4;42924;6127;10174;10950;9225;6448
Slaskie;2024;4;62583;7274;13401;16605;14691;10612
Swietokrzyskie;2024;4;32289;4427;7776;8177;6834;5075
Warminsko-mazurskie;2024;4;38879;5214;8766;9735;8326;6838
Wielkopolskie;2024;4;46625;7245;10628;11584;9924;7244
Zachodniopomorskie;2024;4;39675;4330;8652;10428;9185;7080
Dolnoslaskie;2024;3;54798;6070;12045;14566;12607;9510
Kujawsko-pomorskie;2024;3;52645;7645;12975;13598;10942;7485
Lubelskie;2024;3;53628;8489;13621;13617;10414;7487
Lubuskie;2024;3;15385;1912;3503;4003;3457;2510
Lodzkie;2024;3;53165;6006;11353;13758;12688;9360
Malopolskie;2024;3;59849;9483;14484;14935;11633;9314
Mazowieckie;2024;3;109607;12955;25578;28537;24634;17903
Opolskie;2024;3;19368;2282;4394;4844;4095;3753
Podkarpackie;2024;3;64702;9418;16528;16659;12554;9543
Podlaskie;2024;3;29919;3784;7277;7772;6066;5020
Pomorskie;2024;3;41840;5928;10323;10764;8620;6205
Slaskie;2024;3;62429;7537;13865;16582;14215;10230
Swietokrzyskie;2024;3;31421;4506;7735;7946;6383;4851
Warminsko-mazurskie;2024;3;36281;5049;8467;9141;7486;6138
Wielkopolskie;2024;3;46221;7468;11032;11543;9292;6886
Zachodniopomorskie;2024;3;38326;4463;8729;9993;8579;6562
Dolnoslaskie;2024;2;53915;5497;11865;14351;12531;9671
Kujawsko-pomorskie;2024;2;52581;7100;13036;13705;11101;7639
Lubelskie;2024;2;54236;7902;14068;13842;10642;7782
Lubuskie;2024;2;15226;1669;3517;4091;3370;2579
Lodzkie;2024;2;52564;5434;11369;13610;12611;9540
Malopolskie;2024;2;59306;8310;14543;15153;11922;9378
Mazowieckie;2024;2;108502;12048;25401;28603;24350;18100
Opolskie;2024;2;19058;2006;4378;4835;4068;3771
Podkarpackie;2024;2;63814;8392;16348;16632;12771;9671
Podlaskie;2024;2;29498;3446;7237;7664;6017;5134
Pomorskie;2024;2;41535;5325;10372;10861;8603;6374
Slaskie;2024;2;61611;6732;13720;16567;14284;10308
Swietokrzyskie;2024;2;30958;4070;7585;7905;6528;4870
Warminsko-mazurskie;2024;2;35683;4435;8428;9075;7470;6275
Wielkopolskie;2024;2;45632;6566;11114;11651;9313;6988
Zachodniopomorskie;2024;2;38042;3992;8814;10028;8486;6722
Dolnoslaskie;2024;1;57035;5968;12558;15230;13056;10223
Kujawsko-pomorskie;2024;1;56239;7717;14037;14608;11778;8099
Lubelskie;2024;1;58369;8664;15262;14706;11374;8363
Lubuskie;2024;1;16551;1953;3892;4330;3615;2761
Lodzkie;2024;1;55835;5998;12272;14476;13119;9970
Malopolskie;2024;1;64470;9674;15983;16070;12649;10094
Mazowieckie;2024;1;114766;13094;27009;30302;25404;18957
Opolskie;2024;1;20373;2301;4716;5139;4212;4005
Podkarpackie;2024;1;68399;9536;17449;17478;13539;10397
Podlaskie;2024;1;31361;3837;7775;8097;6315;5337
Pomorskie;2024;1;45792;6561;11729;11734;9095;6673
Slaskie;2024;1;67030;7734;15287;17923;15092;10994
Swietokrzyskie;2024;1;33589;4446;8334;8567;6999;5243
Warminsko-mazurskie;2024;1;40622;5292;9725;10176;8444;6985
Wielkopolskie;2024;1;50234;7781;12240;12698;9992;7523
Zachodniopomorskie;2024;1;41512;4644;9600;10756;9176;7336
Dolnoslaskie;2023;4;52970;5272;11520;14123;12112;9943
Kujawsko-pomorskie;2023;4;54376;7391;13250;14045;11496;8194
Lubelskie;2023;4;57386;8461;14939;14350;11139;8497
Lubuskie;2023;4;15379;1790;3541;3989;3368;2691
Lodzkie;2023;4;53158;5739;11303;13643;12583;9890
Malopolskie;2023;4;60947;9294;14770;15067;11930;9886
Mazowieckie;2023;4;110526;12666;25499;29054;24432;18875
Opolskie;2023;4;20309;2405;4652;5019;4152;4081
Podkarpackie;2023;4;67653;9549;17253;17001;13380;10470
Podlaskie;2023;4;30992;3827;7589;7942;6230;5404
Pomorskie;2023;4;42807;6164;10731;10895;8548;6469
Slaskie;2023;4;62445;6971;13771;16725;14033;10945
Swietokrzyskie;2023;4;33724;4661;8380;8503;6941;5239
Warminsko-mazurskie;2023;4;39317;4970;9249;9747;8228;7123
Wielkopolskie;2023;4;46531;7169;11118;11601;9274;7369
Zachodniopomorskie;2023;4;39709;4434;8941;10251;8741;7342
Dolnoslaskie;2023;3;52273;5601;11656;13883;11497;9636
Kujawsko-pomorskie;2023;3;52427;7533;13237;13530;10507;7620
Lubelskie;2023;3;55214;8263;14713;13627;10431;8180
Lubuskie;2023;3;15358;1896;3689;4050;3139;2584
Lodzkie;2023;3;53555;5996;11893;13768;12197;9701
Malopolskie;2023;3;60427;9193;14946;15071;11513;9704
Mazowieckie;2023;3;111381;13397;26213;29195;23951;18625
Opolskie;2023;3;19623;2301;4625;4856;3865;3976
Podkarpackie;2023;3;64746;9011;16829;16371;12592;9943
Podlaskie;2023;3;30171;3833;7504;7699;5905;5230
Pomorskie;2023;3;42151;6133;10943;10764;8059;6252
Slaskie;2023;3;63497;7557;14513;17136;13613;10678
Swietokrzyskie;2023;3;32730;4614;8220;8190;6522;5184
Warminsko-mazurskie;2023;3;37462;5056;9134;9238;7419;6615
Wielkopolskie;2023;3;46799;7422;11417;11683;9120;7157
Zachodniopomorskie;2023;3;38173;4266;9001;10043;8051;6812
Dolnoslaskie;2023;2;52565;5109;11775;14141;11612;9928
Kujawsko-pomorskie;2023;2;53844;7086;13726;14044;10986;8002
Lubelskie;2023;2;56552;7733;15158;14232;10821;8608
Lubuskie;2023;2;15000;1596;3604;3992;3102;2706
Lodzkie;2023;2;55091;5757;12509;14269;12524;10032
Malopolskie;2023;2;61470;8218;15345;15613;11995;10299
Mazowieckie;2023;2;110693;11962;26157;29195;24180;19199
Opolskie;2023;2;20867;2316;5022;5202;4121;4206
Podkarpackie;2023;2;65064;8064;17339;16682;12770;10209
Podlaskie;2023;2;30356;3617;7587;7790;5986;5376
Pomorskie;2023;2;41091;5291;10750;10607;8048;6395
Slaskie;2023;2;63906;6817;14659;17308;13889;11233
Swietokrzyskie;2023;2;33450;4321;8461;8517;6754;5397
Warminsko-mazurskie;2023;2;38907;4804;9778;9701;7720;6904
Wielkopolskie;2023;2;46464;6461;11495;11810;9315;7383
Zachodniopomorskie;2023;2;38200;3899;9039;10065;8130;7067
Dolnoslaskie;2023;1;56607;5610;12659;15357;12222;10759
Kujawsko-pomorskie;2023;1;58087;7520;14837;15217;11847;8666
Lubelskie;2023;1;62094;8802;16764;15554;11787;9187
Lubuskie;2023;1;16758;1917;4054;4398;3446;2943
Lodzkie;2023;1;57352;6101;12828;14856;13021;10546
Malopolskie;2023;1;67769;9657;17107;17003;12948;11054
Mazowieckie;2023;1;119319;13049;28519;31505;25654;20592
Opolskie;2023;1;21675;2456;5146;5400;4337;4336
Podkarpackie;2023;1;70333;9219;18606;17748;13799;10961
Podlaskie;2023;1;32104;3867;8078;8194;6271;5694
Pomorskie;2023;1;45573;6402;11978;11672;8627;6894
Slaskie;2023;1;68678;7617;15745;18644;14745;11927
Swietokrzyskie;2023;1;35260;4451;8972;9061;7088;5688
Warminsko-mazurskie;2023;1;43332;5695;10737;10640;8550;7710
Wielkopolskie;2023;1;50046;7455;12461;12528;9696;7906
Zachodniopomorskie;2023;1;41881;4474;9838;10914;8884;7771
Dolnoslaskie;2022;4;53900;5400;12000;14400;11600;10500
Kujawsko-pomorskie;2022;4;56400;7100;14400;14800;11500;8600
Lubelskie;2022;4;61200;8700;16500;15400;11500;9100
Lubuskie;2022;4;15700;1800;3700;4000;3200;3000
Lodzkie;2022;4;54300;5500;12200;14100;12200;10300
Malopolskie;2022;4;64400;9400;15900;15700;12500;10900
Mazowieckie;2022;4;116600;13000;27500;30600;25000;20500
Opolskie;2022;4;20500;2300;4800;5000;4100;4300
Podkarpackie;2022;4;69100;9200;18400;17200;13400;10900
Podlaskie;2022;4;31200;3800;7700;7800;6200;5700
Pomorskie;2022;4;42400;6000;11000;10700;8200;6500
Slaskie;2022;4;64900;6900;14800;17400;14000;11800
Swietokrzyskie;2022;4;34000;4400;8600;8600;6800;5600
Warminsko-mazurskie;2022;4;41000;5500;10100;10000;8000;7400
Wielkopolskie;2022;4;46300;7000;11300;11400;9000;7600
Zachodniopomorskie;2022;4;40300;4100;9400;10500;8500;7800
Dolnoslaskie;2022;3;53400;5600;12100;14400;11100;10200
Kujawsko-pomorskie;2022;3;54300;7100;14300;14300;10600;8000
Lubelskie;2022;3;59000;8300;16200;14900;10700;8900
Lubuskie;2022;3;15200;1900;3800;3900;2900;2700
Lodzkie;2022;3;55900;5800;12700;14600;12400;10400
Malopolskie;2022;3;63900;9100;16100;15900;12000;10800
Mazowieckie;2022;3;118400;13100;28200;31600;24900;20600
Opolskie;2022;3;20200;2300;4900;5000;3900;4100
Podkarpackie;2022;3;67800;9000;18400;17100;12700;10600
Podlaskie;2022;3;30800;3800;7800;7700;5900;5600
Pomorskie;2022;3;41300;5700;11100;10500;7700;6300
Slaskie;2022;3;66800;7400;15400;18000;14000;12000
Swietokrzyskie;2022;3;33200;4400;8400;8300;6500;5600
Warminsko-mazurskie;2022;3;38200;5300;9800;9200;7100;6800
Wielkopolskie;2022;3;44600;6700;11400;11000;8400;7100
Zachodniopomorskie;2022;3;38400;4000;9300;10200;7700;7200
Dolnoslaskie;2022;2;54037;4752;12551;14695;11360;10679
Kujawsko-pomorskie;2022;2;55447;6197;14839;14813;11056;8542
Lubelskie;2022;2;61342;7649;17163;15766;11419;9345
Lubuskie;2022;2;15789;1566;3989;4235;3045;2954
Lodzkie;2022;2;58230;5210;13323;15558;13111;11028
Malopolskie;2022;2;63943;7395;16554;16374;12410;11210
Mazowieckie;2022;2;121733;11787;29402;33062;25834;21648
Opolskie;2022;2;20185;1875;5000;5083;3963;4264
Podkarpackie;2022;2;69016;7826;19047;17866;13257;11020
Podlaskie;2022;2;31165;3334;8049;7924;6046;5812
Pomorskie;2022;2;41586;4683;11565;10907;7770;6661
Slaskie;2022;2;70215;6399;16772;19396;14789;12859
Swietokrzyskie;2022;2;33888;3799;8836;8670;6767;5816
Warminsko-mazurskie;2022;2;37657;4287;9856;9344;7160;7010
Wielkopolskie;2022;2;44161;5087;11614;11416;8616;7428
Zachodniopomorskie;2022;2;39650;3515;9848;10600;8135;7552
Dolnoslaskie;2022;1;59500;5300;14100;16100;12300;11700
Kujawsko-pomorskie;2022;1;61500;6900;16400;16500;12300;9400
Lubelskie;2022;1;67200;8900;19100;16900;12400;9900
Lubuskie;2022;1;17900;1700;4600;4900;3400;3300
Lodzkie;2022;1;62200;5600;14600;16500;13900;11600
Malopolskie;2022;1;70500;8500;18700;17900;13400;12000
Mazowieckie;2022;1;130400;13000;32200;35000;27200;23000
Opolskie;2022;1;21800;2100;5600;5400;4200;4500
Podkarpackie;2022;1;76800;9200;21600;19600;14500;11900
Podlaskie;2022;1;33600;3700;8900;8400;6400;6200
Pomorskie;2022;1;47000;5700;13000;12200;8800;7300
Slaskie;2022;1;77900;7300;19100;21400;16200;13900
Swietokrzyskie;2022;1;38000;4400;10100;9700;7400;6400
Warminsko-mazurskie;2022;1;43300;5100;11200;10600;8300;8100
Wielkopolskie;2022;1;50400;6100;13500;13100;9600;8100
Zachodniopomorskie;2022;1;44200;4100;11000;11600;9100;8400
Dolnoslaskie;2021;4;58700;5300;13700;15800;12100;11800
Kujawsko-pomorskie;2021;4;61900;6900;16400;16300;12500;9800
Lubelskie;2021;4;66300;9200;18900;16300;12000;9900
Lubuskie;2021;4;18200;1900;4500;4800;3500;3500
Lodzkie;2021;4;60900;5600;14200;16000;13400;11700
Malopolskie;2021;4;69900;9100;18500;17200;13100;12000
Mazowieckie;2021;4;129200;13300;31900;34300;26800;22900
Opolskie;2021;4;21500;2200;5400;5300;4100;4500
Podkarpackie;2021;4;77400;9900;21900;19400;14500;11700
Podlaskie;2021;4;33400;3800;8800;8200;6300;6300
Pomorskie;2021;4;47700;5900;13100;12200;8900;7600
Slaskie;2021;4;76400;7300;18400;20800;16000;13900
Swietokrzyskie;2021;4;38000;4600;10100;9500;7300;6500
Warminsko-mazurskie;2021;4;42600;5200;11100;10100;8100;8100
Wielkopolskie;2021;4;49900;6200;13200;12700;9500;8300
Zachodniopomorskie;2021;4;43300;4100;10700;11200;8900;8400
Dolnoslaskie;2021;3;62300;6100;15100;16800;12300;12000
Kujawsko-pomorskie;2021;3;63700;7800;17300;16600;12400;9600
Lubelskie;2021;3;67200;9500;19400;16800;11700;9800
Lubuskie;2021;3;19100;2100;4900;5100;3500;3500
Lodzkie;2021;3;63700;6400;15300;16600;13600;11800
Malopolskie;2021;3;73800;10200;19900;18100;13400;12200
Mazowieckie;2021;3;134800;14700;34000;35800;27200;23100
Opolskie;2021;3;22000;2400;5700;5400;4000;4500
Podkarpackie;2021;3;78400;10300;22600;19700;14200;11600
Podlaskie;2021;3;34500;4200;9400;8400;6200;6300
Pomorskie;2021;3;51400;6700;14500;13100;9300;7800
Slaskie;2021;3;82900;8700;20700;22500;16800;14200
Swietokrzyskie;2021;3;39100;5000;10500;9800;7300;6500
Warminsko-mazurskie;2021;3;43000;5700;11500;10200;7800;7800
Wielkopolskie;2021;3;54000;7100;14600;13800;9900;8600
Zachodniopomorskie;2021;3;44500;4500;11400;11600;8800;8200
Dolnoslaskie;2021;2;66714;6222;16400;18142;13122;12828
Kujawsko-pomorskie;2021;2;68415;8003;18782;17825;13436;10369
Lubelskie;2021;2;71514;9608;20804;17925;12754;10423
Lubuskie;2021;2;21626;2313;5765;5720;4072;3756
Lodzkie;2021;2;66819;6479;16127;17534;14240;12439
Malopolskie;2021;2;78455;10287;21696;19200;14356;12916
Mazowieckie;2021;2;141367;14980;36179;37450;28460;24298
Opolskie;2021;2;23165;2352;6077;5699;4285;4752
Podkarpackie;2021;2;80944;10067;23718;20194;14875;12090
Podlaskie;2021;2;35977;4193;9970;8751;6555;6508
Pomorskie;2021;2;54730;6877;15771;13893;9943;8246
Slaskie;2021;2;89086;9182;22526;23942;18150;15286
Swietokrzyskie;2021;2;41832;5113;11364;10491;7898;6966
Warminsko-mazurskie;2021;2;46300;5627;12488;11138;8595;8452
Wielkopolskie;2021;2;57736;6947;16017;14862;10715;9195
Zachodniopomorskie;2021;2;48714;5048;12683;12610;9498;8875
Dolnoslaskie;2021;1;71600;7100;17900;19000;13900;13700
Kujawsko-pomorskie;2021;1;75200;9300;20600;19500;14500;11300
Lubelskie;2021;1;77500;10900;22900;19100;13500;11100
Lubuskie;2021;1;23900;2700;6500;6200;4400;4100
Lodzkie;2021;1;70700;7300;17400;18200;14800;13000
Malopolskie;2021;1;86000;12200;24200;20700;15400;13500
Mazowieckie;2021;1;150000;16600;39100;39200;29700;25400
Opolskie;2021;1;25300;2800;6700;6100;4600;5100
Podkarpackie;2021;1;88500;11800;25900;21800;16100;12900
Podlaskie;2021;1;39000;4800;11100;9300;7000;6800
Pomorskie;2021;1;59500;8100;17200;14900;10600;8700
Slaskie;2021;1;95000;10500;24500;25100;18900;16000
Swietokrzyskie;2021;1;45600;5900;12600;11300;8500;7300
Warminsko-mazurskie;2021;1;53500;6800;14300;12800;10000;9600
Wielkopolskie;2021;1;63400;8300;17800;16000;11400;9900
Zachodniopomorskie;2021;1;53700;6000;14000;13600;10400;9700
Dolnoslaskie;2020;4;68800;6800;17100;18200;13300;13400
Kujawsko-pomorskie;2020;4;73500;9200;20200;18700;14100;11300
Lubelskie;2020;4;76600;11300;22800;18400;13100;11000
Lubuskie;2020;4;23700;2800;6400;6000;4400;4100
Lodzkie;2020;4;67800;7100;16500;17300;14100;12800
Malopolskie;2020;4;83100;12300;23300;19600;14800;13100
Mazowieckie;2020;4;146400;16900;38300;37800;28500;24900
Opolskie;2020;4;25000;2900;6600;5900;4500;5100
Podkarpackie;2020;4;87200;12000;25500;21300;15700;12700
Podlaskie;2020;4;37800;4800;10800;8800;6700;6700
Pomorskie;2020;4;56200;7900;16100;13900;10000;8300
Slaskie;2020;4;91100;10000;23500;23800;18000;15800
Swietokrzyskie;2020;4;44900;6100;12500;10900;8200;7200
Warminsko-mazurskie;2020;4;51500;6600;13800;12100;9600;9400
Wielkopolskie;2020;4;60900;8400;17000;15000;11000;9500
Zachodniopomorskie;2020;4;52100;5900;13500;13000;10000;9700
Dolnoslaskie;2020;3;68796;7558;17549;17982;12743;12964
Kujawsko-pomorskie;2020;3;70907;9649;19940;17790;13051;10477
Lubelskie;2020;3;73807;10949;22335;17717;12311;10495
Lubuskie;2020;3;23138;2943;6401;5820;4078;3896
Lodzkie;2020;3;67301;7402;16700;17174;13556;12469
Malopolskie;2020;3;80298;12387;22823;18848;13903;12337
Mazowieckie;2020;3;145108;17842;38311;37488;27325;24142
Opolskie;2020;3;24759;3049;6696;5797;4418;4799
Podkarpackie;2020;3;85412;12207;25459;20809;14845;12092
Podlaskie;2020;3;36777;4809;10693;8505;6369;6401
Pomorskie;2020;3;53727;7761;15840;13223;9131;7772
Slaskie;2020;3;89087;10562;23548;23021;17121;14835
Swietokrzyskie;2020;3;44892;6374;12802;10778;7914;7024
Warminsko-mazurskie;2020;3;50175;6769;13763;11796;8990;8857
Wielkopolskie;2020;3;60670;8932;17266;14919;10513;9040
Zachodniopomorskie;2020;3;48892;5663;13185;12179;9036;8829
Dolnoslaskie;2020;2;69076;7579;18002;17853;12613;13029
Kujawsko-pomorskie;2020;2;72133;9713;20531;17855;13270;10764
Lubelskie;2020;2;75733;10786;23403;18066;12689;10789
Lubuskie;2020;2;23529;2905;6665;5866;4189;3904
Lodzkie;2020;2;67236;7149;17045;16911;13562;12569
Malopolskie;2020;2;79677;11742;23384;18564;13778;12209
Mazowieckie;2020;2;143052;17369;38817;36166;26691;24009
Opolskie;2020;2;24999;3045;6791;5756;4460;4947
Podkarpackie;2020;2;86159;11959;26065;20790;15165;12180
Podlaskie;2020;2;37280;4773;11003;8469;6479;6556
Pomorskie;2020;2;52341;7374;15710;12636;8884;7737
Slaskie;2020;2;86784;10165;23482;22064;16610;14463
Swietokrzyskie;2020;2;45778;6120;13394;11018;7999;7247
Warminsko-mazurskie;2020;2;52928;7099;14716;12231;9490;9392
Wielkopolskie;2020;2;59978;8614;17625;14512;10214;9013
Zachodniopomorskie;2020;2;49788;5807;13566;12156;9156;9103
Dolnoslaskie;2020;1;59500;6000;15200;15200;10800;12300
Kujawsko-pomorskie;2020;1;65100;8200;18300;16100;12100;10400
Lubelskie;2020;1;71400;10100;21500;17000;12200;10600
Lubuskie;2020;1;19900;2400;5600;4800;3500;3600
Lodzkie;2020;1;60500;6200;15100;15100;12200;11900
Malopolskie;2020;1;66900;9300;19200;15500;11700;11200
Mazowieckie;2020;1;127800;15100;34000;31800;23900;23000
Opolskie;2020;1;21900;2500;5800;5000;3900;4700
Podkarpackie;2020;1;78900;10600;23400;18900;14100;11900
Podlaskie;2020;1;34000;4200;9800;7700;5900;6400
Pomorskie;2020;1;45400;6300;13400;10800;7700;7200
Slaskie;2020;1;71800;7800;19300;18000;13800;12900
Swietokrzyskie;2020;1;42900;5600;12500;10200;7600;7000
Warminsko-mazurskie;2020;1;48200;6300;13200;10900;8700;9100
Wielkopolskie;2020;1;50600;7000;14700;12000;8600;8300
Zachodniopomorskie;2020;1;44500;5100;12000;10600;8200;8600
Dolnoslaskie;2019;4;56000;5400;14000;14200;10300;12100
Kujawsko-pomorskie;2019;4;64000;8000;17700;15800;12100;10400
Lubelskie;2019;4;69400;10100;20700;16400;11700;10500
Lubuskie;2019;4;18500;2200;5100;4400;3200;3600
Lodzkie;2019;4;58800;5900;14300;14700;11900;12000
Malopolskie;2019;4;62600;8300;17700;14500;11100;11000
Mazowieckie;2019;4;123200;13900;31800;31100;23300;23100
Opolskie;2019;4;21000;2500;5600;4700;3700;4500
Podkarpackie;2019;4;75400;10300;22200;17800;13600;11500
Podlaskie;2019;4;33300;4100;9600;7400;5900;6300
Pomorskie;2019;4;41900;5700;12100;9900;7200;7000
Slaskie;2019;4;66500;7000;17300;16700;12800;12700
Swietokrzyskie;2019;4;42000;5700;12100;9900;7400;6900
Warminsko-mazurskie;2019;4;45800;6100;12400;10100;8200;9000
Wielkopolskie;2019;4;46200;6400;13100;10800;7900;8000
Zachodniopomorskie;2019;4;41800;4500;11000;9900;7700;8700
Dolnoslaskie;2019;3;55900;5700;14200;14300;10000;11700
Kujawsko-pomorskie;2019;3;62500;8300;17900;15400;11100;9800
Lubelskie;2019;3;65900;9400;20100;15500;10900;10000
Lubuskie;2019;3;18300;2300;5000;4300;3200;3500
Lodzkie;2019;3;59000;6100;14500;14900;11600;11900
Malopolskie;2019;3;61900;8700;17600;14400;10700;10500
Mazowieckie;2019;3;123200;14500;32300;31000;22700;22700
Opolskie;2019;3;20100;2500;5500;4400;3400;4300
Podkarpackie;2019;3;72700;10100;21700;17200;12700;11000
Podlaskie;2019;3;32900;4200;9500;7400;5700;6100
Pomorskie;2019;3;41100;5800;12000;9800;6800;6700
Slaskie;2019;3;68000;7500;18200;17000;12600;12700
Swietokrzyskie;2019;3;40700;5700;11800;9600;7000;6600
Warminsko-mazurskie;2019;3;43500;5900;12100;9700;7500;8300
Wielkopolskie;2019;3;45100;6600;12900;10500;7500;7600
Zachodniopomorskie;2019;3;40300;4700;10900;9600;7100;8000
Dolnoslaskie;2019;2;57718;5362;14761;14729;10512;12354
Kujawsko-pomorskie;2019;2;64660;7803;18495;16032;11858;10472
Lubelskie;2019;2;68057;8941;21371;15954;11421;10370
Lubuskie;2019;2;19507;2204;5402;4683;3384;3834
Lodzkie;2019;2;61314;5568;15294;15584;12080;12788
Malopolskie;2019;2;64076;7532;18820;15318;11268;11138
Mazowieckie;2019;2;126653;13679;33528;31705;23774;23967
Opolskie;2019;2;20166;2124;5573;4446;3599;4424
Podkarpackie;2019;2;74684;9157;22752;17918;13397;11460
Podlaskie;2019;2;33262;3893;9671;7427;5975;6296
Pomorskie;2019;2;41845;5228;12474;9989;7065;7089
Slaskie;2019;2;72409;6903;19502;18401;13516;14087
Swietokrzyskie;2019;2;40556;4993;11934;9631;7065;6933
Warminsko-mazurskie;2019;2;45114;5496;12600;10212;8037;8769
Wielkopolskie;2019;2;46220;5759;13572;10971;7867;8051
Zachodniopomorskie;2019;2;40852;4280;11166;9784;7301;8321
Dolnoslaskie;2019;1;64700;6400;16800;16300;11500;13700
Kujawsko-pomorskie;2019;1;72800;8900;21000;17900;13400;11600
Lubelskie;2019;1;75100;10300;23500;17600;12500;11200
Lubuskie;2019;1;22100;2600;6200;5300;3800;4200
Lodzkie;2019;1;67700;6500;17000;17300;13200;13700
Malopolskie;2019;1;72500;9300;21600;16900;12500;12200
Mazowieckie;2019;1;138900;15300;37300;34700;25900;25700
Opolskie;2019;1;22600;2500;6200;5000;4100;4800
Podkarpackie;2019;1;83300;10900;25200;19700;15000;12500
Podlaskie;2019;1;36800;4500;10700;8100;6600;6900
Pomorskie;2019;1;47900;6500;14200;11300;8000;7900
Slaskie;2019;1;82200;8300;22400;20800;15300;15400
Swietokrzyskie;2019;1;44700;5700;13300;10600;7700;7400
Warminsko-mazurskie;2019;1;53800;6800;14700;12200;9900;10200
Wielkopolskie;2019;1;52500;6900;15400;12400;8900;8900
Zachodniopomorskie;2019;1;47300;5300;12800;11200;8500;9500
Dolnoslaskie;2018;4;62842;6218;16215;15626;11333;13450
Kujawsko-pomorskie;2018;4;72655;9040;20819;17747;13325;11724
Lubelskie;2018;4;74449;10860;23171;17141;12224;11053
Lubuskie;2018;4;22201;2606;6143;5239;3826;4387
Lodzkie;2018;4;66036;6372;16341;16722;12992;13609
Malopolskie;2018;4;71489;9728;20990;16440;12291;12040
Mazowieckie;2018;4;136545;15625;36256;33703;25292;25669
Opolskie;2018;4;22663;2743;6167;4812;4113;4828
Podkarpackie;2018;4;82933;11412;25075;19263;14871;12312
Podlaskie;2018;4;36786;4665;10563;8031;6532;6995
Pomorskie;2018;4;46082;6244;13625;10618;7777;7818
Slaskie;2018;4;80079;8162;21559;19923;15038;15397
Swietokrzyskie;2018;4;44118;5996;13092;10335;7549;7146
Warminsko-mazurskie;2018;4;53141;6951;14571;11887;9642;10090
Wielkopolskie;2018;4;50867;6867;14726;11933;8687;8654
Zachodniopomorskie;2018;4;46002;5088;12356;10633;8452;9473
Dolnoslaskie;2018;3;61900;6700;16200;15300;10700;13000
Kujawsko-pomorskie;2018;3;70100;9600;20300;16900;12300;11000
Lubelskie;2018;3;70800;10500;22400;16100;11200;10600
Lubuskie;2018;3;21600;2800;6200;5000;3500;4100
Lodzkie;2018;3;65500;6900;16600;16300;12400;13300
Malopolskie;2018;3;69900;10100;20600;15900;11700;11600
Mazowieckie;2018;3;136800;16500;36900;33600;24500;25300
Opolskie;2018;3;21700;2800;6000;4600;3800;4500
Podkarpackie;2018;3;79600;11100;24200;18500;14000;11800
Podlaskie;2018;3;36100;4800;10400;7900;6200;6800
Pomorskie;2018;3;44300;6400;13300;10100;7100;7400
Slaskie;2018;3;80900;8800;22100;20100;14700;15200
Swietokrzyskie;2018;3;42900;6300;12800;9900;7000;6900
Warminsko-mazurskie;2018;3;50200;7000;14300;11100;8600;9200
Wielkopolskie;2018;3;51200;7600;14900;11900;8200;8600
Zachodniopomorskie;2018;3;44000;5300;12200;10100;7600;8800
Dolnoslaskie;2018;2;62900;6300;16400;15400;11100;13700
Kujawsko-pomorskie;2018;2;72400;9200;20700;17600;13300;11600
Lubelskie;2018;2;72300;10000;23000;16400;11800;11100
Lubuskie;2018;2;21800;2500;6300;5100;3600;4300
Lodzkie;2018;2;67200;6600;17100;16600;13000;13900
Malopolskie;2018;2;71000;9000;21300;16400;12300;12000
Mazowieckie;2018;2;140100;15700;37900;34200;25700;26600
Opolskie;2018;2;22100;2500;6100;4600;4000;4900
Podkarpackie;2018;2;81700;10300;25200;19100;14800;12300
Podlaskie;2018;2;36800;4600;10700;8000;6400;7100
Pomorskie;2018;2;44300;5800;13500;10100;7200;7700
Slaskie;2018;2;84200;8200;23000;20700;15900;16400
Swietokrzyskie;2018;2;43000;5600;13000;10000;7300;7100
Warminsko-mazurskie;2018;2;51000;6300;14500;11400;9100;9700
Wielkopolskie;2018;2;52400;6900;15600;12200;8700;9000
Zachodniopomorskie;2018;2;44800;4800;12300;10400;8000;9300
Dolnoslaskie;2018;1;70600;7000;18400;17100;12600;15500
Kujawsko-pomorskie;2018;1;81600;10100;23100;20100;15300;13000
Lubelskie;2018;1;80700;11400;25600;18200;13400;12100
Lubuskie;2018;1;24800;2900;7000;5800;4300;4800
Lodzkie;2018;1;73800;7200;18700;18200;14500;15200
Malopolskie;2018;1;80300;10600;23800;18200;14300;13400
Mazowieckie;2018;1;154700;18000;41900;37500;28400;28900
Opolskie;2018;1;25400;2900;6900;5300;4800;5500
Podkarpackie;2018;1;91200;12000;27800;21200;16800;13400
Podlaskie;2018;1;40500;5200;11800;8700;7100;7700
Pomorskie;2018;1;50500;6900;15000;11500;8500;8600
Slaskie;2018;1;95100;9900;25800;23000;18300;18100
Swietokrzyskie;2018;1;48400;6500;14700;11100;8300;7800
Warminsko-mazurskie;2018;1;60800;7800;16800;13600;11300;11300
Wielkopolskie;2018;1;60600;8400;18000;13700;10200;10300
Zachodniopomorskie;2018;1;52800;5900;14100;12100;9700;11000
Dolnoslaskie;2017;4;68700;6800;17500;16400;12500;15500
Kujawsko-pomorskie;2017;4;81500;10100;23100;20000;15300;13000
Lubelskie;2017;4;81200;11900;25500;18300;13400;12100
Lubuskie;2017;4;24500;2800;6900;5600;4400;4800
Lodzkie;2017;4;72700;7300;18200;17800;14200;15200
Malopolskie;2017;4;79400;11000;23200;17700;14200;13300
Mazowieckie;2017;4;154000;18000;41000;37100;28500;29400
Opolskie;2017;4;26000;3100;7100;5400;4800;5600
Podkarpackie;2017;4;91000;12800;27700;20600;16700;13200
Podlaskie;2017;4;40100;5400;11700;8400;7000;7600
Pomorskie;2017;4;49700;6900;14600;11200;8300;8700
Slaskie;2017;4;94700;9900;25400;22600;18400;18400
Swietokrzyskie;2017;4;46400;6500;13800;10600;8000;7500
Warminsko-mazurskie;2017;4;60100;7600;16500;13500;11300;11200
Wielkopolskie;2017;4;58900;8300;17100;13300;10000;10200
Zachodniopomorskie;2017;4;52700;5900;13800;12000;9800;11200
Dolnoslaskie;2017;3;73100;8100;18600;16600;12300;17500
Kujawsko-pomorskie;2017;3;82400;11700;23300;19100;14300;14000
Lubelskie;2017;3;79700;12100;24800;17300;12400;13100
Lubuskie;2017;3;25700;3300;7100;5600;4200;5500
Lodzkie;2017;3;76600;8400;18900;18000;14000;17300
Malopolskie;2017;3;81900;12500;23500;17600;13600;14700
Mazowieckie;2017;3;162400;20100;42200;37800;28400;33900
Opolskie;2017;3;26700;3500;7200;5300;4500;6200
Podkarpackie;2017;3;90200;13100;27200;20100;15800;14000
Podlaskie;2017;3;41700;5900;12000;8400;7000;8400
Pomorskie;2017;3;51700;7800;15000;11100;8000;9800
Slaskie;2017;3;100800;11700;26500;23200;18200;21200
Swietokrzyskie;2017;3;46800;7100;13700;10300;7500;8200
Warminsko-mazurskie;2017;3;60500;8500;16600;13000;10500;11900
Wielkopolskie;2017;3;63300;9900;17900;13800;10000;11700
Zachodniopomorskie;2017;3;53900;6500;14100;11800;9300;12200
Dolnoslaskie;2017;2;75200;7400;19100;17100;13100;18500
Kujawsko-pomorskie;2017;2;85800;11300;24300;20000;15300;14900
Lubelskie;2017;2;82300;11700;25700;17800;13300;13800
Lubuskie;2017;2;26600;3100;7300;5900;4500;5800
Lodzkie;2017;2;79400;7900;19700;18600;15000;18200
Malopolskie;2017;2;83300;11400;24400;18000;14300;15200
Mazowieckie;2017;2;168300;19700;44200;39100;30100;35200
Opolskie;2017;2;28100;3200;7500;5700;5100;6600
Podkarpackie;2017;2;92000;12200;27900;20700;16700;14500
Podlaskie;2017;2;42600;5700;12300;8600;7300;8700
Pomorskie;2017;2;52100;7100;15200;11200;8400;10200
Slaskie;2017;2;105000;10800;27700;24100;19900;22500
Swietokrzyskie;2017;2;48000;6500;14100;10700;8000;8700
Warminsko-mazurskie;2017;2;61500;8000;16900;13200;11100;12300
Wielkopolskie;2017;2;65800;8900;18900;14400;11000;12600
Zachodniopomorskie;2017;2;56000;6300;14600;12300;10000;12800
Dolnoslaskie;2017;1;86200;8900;22100;19400;15300;20500
Kujawsko-pomorskie;2017;1;98600;13800;27700;22700;18000;16400
Lubelskie;2017;1;95000;14200;29900;20400;15400;15100
Lubuskie;2017;1;31100;3700;8600;6900;5400;6500
Lodzkie;2017;1;90600;9600;23000;21000;17200;19800
Malopolskie;2017;1;95800;14300;28100;20400;16800;16200
Mazowieckie;2017;1;187700;22300;49700;43600;34100;38000
Opolskie;2017;1;32300;3900;8600;6500;6000;7300
Podkarpackie;2017;1;105900;15000;32400;23600;19200;15700
Podlaskie;2017;1;47900;6600;14100;9600;8200;9400
Pomorskie;2017;1;61800;8800;18000;13400;10200;11400
Slaskie;2017;1;119800;13300;32300;27500;22500;24200
Swietokrzyskie;2017;1;55400;7600;16500;12300;9500;9500
Warminsko-mazurskie;2017;1;73100;9800;19900;15900;13600;13900
Wielkopolskie;2017;1;77600;11200;22600;16900;12900;14000
Zachodniopomorskie;2017;1;65300;7800;17100;14200;11700;14500
Dolnoslaskie;2016;4;86000;9000;21700;19300;15500;20500
Kujawsko-pomorskie;2016;4;98600;14200;27500;22700;18200;16000
Lubelskie;2016;4;95500;15300;29900;20200;15300;14800
Lubuskie;2016;4;32400;4000;8800;7100;5800;6700
Lodzkie;2016;4;91100;10200;22700;21000;17400;19800
Malopolskie;2016;4;96500;15300;28000;20400;17000;15800
Mazowieckie;2016;4;188900;23200;49600;43700;34500;37900
Opolskie;2016;4;32400;4200;8600;6500;5900;7200
Podkarpackie;2016;4;107600;16300;32900;23800;19300;15300
Podlaskie;2016;4;48400;7100;14000;9600;8400;9300
Pomorskie;2016;4;64200;9100;18100;14100;11000;11900
Slaskie;2016;4;120000;13600;31900;27300;23000;24200
Swietokrzyskie;2016;4;57200;8600;16900;12500;9700;9500
Warminsko-mazurskie;2016;4;73100;9900;19900;15900;13700;13700
Wielkopolskie;2016;4;77700;11400;22500;16700;13200;13900
Zachodniopomorskie;2016;4;65800;7800;17200;14300;11800;14700
Dolnoslaskie;2016;3;92600;10800;22900;21400;17700;19800
Kujawsko-pomorskie;2016;3;193600;26100;51100;44200;34700;37500
Lubelskie;2016;3;96100;16300;27800;20300;16300;15400
Lubuskie;2016;3;121900;14900;32700;27500;22800;24000
Lodzkie;2016;3;91000;14800;28500;19200;14300;14200
Malopolskie;2016;3;105400;16700;31800;23200;18700;15000
Mazowieckie;2016;3;48900;7600;14100;9700;8400;9100
Opolskie;2016;3;56800;9500;16600;12000;9400;9300
Podkarpackie;2016;3;31200;4100;8500;6900;5400;6300
Podlaskie;2016;3;78100;12500;22400;16700;13000;13500
Pomorskie;2016;3;63000;8100;16600;13700;11000;13600
Slaskie;2016;3;85600;10000;21900;19000;15000;19700
Swietokrzyskie;2016;3;31500;4400;8500;6100;5600;6900
Warminsko-mazurskie;2016;3;94900;14800;26500;21600;16800;15200
Wielkopolskie;2016;3;63500;9400;18100;13800;10700;11500
Zachodniopomorskie;2016;3;69500;10500;19200;14900;12500;12400
Dolnoslaskie;2016;2;90700;9800;23300;20100;16400;21100
Kujawsko-pomorskie;2016;2;98900;14400;27700;22500;18200;16100
Lubelskie;2016;2;95800;14900;30400;20400;15300;14800
Lubuskie;2016;2;33500;4200;9100;7400;5900;6900
Lodzkie;2016;2;98900;10800;24800;23000;19200;21100
Malopolskie;2016;2;103400;15900;30000;22100;18400;17000
Mazowieckie;2016;2;202100;26100;53900;46300;36800;39000
Opolskie;2016;2;32800;4100;8800;6500;6200;7200
Podkarpackie;2016;2;108000;15900;33000;24000;19800;15300
Podlaskie;2016;2;50200;7400;14700;10100;8700;9300
Pomorskie;2016;2;66800;9100;19000;14700;11800;12200
Slaskie;2016;2;130700;14600;35000;29900;25500;25700
Swietokrzyskie;2016;2;59600;9400;17400;12800;10200;9800
Warminsko-mazurskie;2016;2;72400;10200;20100;15600;13500;13000
Wielkopolskie;2016;2;81900;11500;23900;17800;14300;14400
Zachodniopomorskie;2016;2;66700;7900;17700;14400;12100;14600
Dolnoslaskie;2016;1;104100;12200;26600;23000;19200;23100
Kujawsko-pomorskie;2016;1;111200;17400;31100;24700;20600;17400
Lubelskie;2016;1;110300;18700;35300;22900;17600;15800
Lubuskie;2016;1;39300;5200;10800;8500;7000;7800
Lodzkie;2016;1;112900;14000;28900;25600;21600;22800
Malopolskie;2016;1;122000;20900;35300;25300;21700;18800
Mazowieckie;2016;1;221600;30700;59800;49600;40100;41400
Opolskie;2016;1;37100;5100;9900;7200;7100;7800
Podkarpackie;2016;1;125100;20400;38300;27100;22800;16500
Podlaskie;2016;1;56300;9000;16500;11100;9700;10000
Pomorskie;2016;1;79300;12000;22600;17100;14000;13600
Slaskie;2016;1;151100;18400;40900;34000;29700;28100
Swietokrzyskie;2016;1;67700;11000;20100;14300;11700;10600
Warminsko-mazurskie;2016;1;85900;13000;23800;18300;16200;14600
Wielkopolskie;2016;1;96700;15500;28100;20300;16700;16100
Zachodniopomorskie;2016;1;80200;10500;21200;16900;14800;16800
Dolnoslaskie;2015;4;99952;11798;24944;21630;18872;22708
Kujawsko-pomorskie;2015;4;107255;16977;29324;23629;20346;16979
Lubelskie;2015;4;107895;19179;34280;22066;17164;15206
Lubuskie;2015;4;39348;5357;10479;8371;7300;7841
Lodzkie;2015;4;109510;14292;27470;24236;21163;22349
Malopolskie;2015;4;119601;21535;33860;24404;21503;18299
Mazowieckie;2015;4;216527;30315;57021;48040;40215;40936
Opolskie;2015;4;36203;5079;9435;7090;7074;7525
Podkarpackie;2015;4;123514;21884;37275;26159;22287;15909
Podlaskie;2015;4;55019;9233;15748;10591;9794;9653
Pomorskie;2015;4;77662;12109;21371;16593;14038;13551
Slaskie;2015;4;148508;18494;39466;33024;29423;28101
Swietokrzyskie;2015;4;66131;11463;19351;13713;11428;10176
Warminsko-mazurskie;2015;4;83510;13144;22865;17443;15887;14171
Wielkopolskie;2015;4;93311;15599;26374;19210;16475;15653
Zachodniopomorskie;2015;4;79393;10379;20536;16688;14938;16852
Dolnoslaskie;2015;3;98800;11900;24800;21400;18300;22400
Kujawsko-pomorskie;2015;3;104500;17400;28400;23100;19300;16300
Lubelskie;2015;3;100900;17600;31800;20800;16100;14600
Lubuskie;2015;3;38500;5400;10200;8200;7000;7700
Lodzkie;2015;3;109300;13900;27400;24600;21200;22200
Malopolskie;2015;3;117400;21500;33000;24000;20900;18000
Mazowieckie;2015;3;220900;31500;58100;48900;40600;41800
Opolskie;2015;3;34200;5100;8900;6500;6600;7100
Podkarpackie;2015;3;118400;21000;35200;25400;21200;15600
Podlaskie;2015;3;53800;9300;15500;10200;9400;9400
Pomorskie;2015;3;77200;12100;21400;16600;13800;13300
Slaskie;2015;3;149200;19100;39600;33400;29400;27700
Swietokrzyskie;2015;3;63800;11300;18300;13200;10900;10100
Warminsko-mazurskie;2015;3;81400;13300;22600;17100;15000;13400
Wielkopolskie;2015;3;94500;16400;26500;19600;16400;15600
Zachodniopomorskie;2015;3;76600;10200;20000;16300;14000;16100
Dolnoslaskie;2015;2;106900;12000;27500;23200;20300;23900
Kujawsko-pomorskie;2015;2;109900;17200;30100;24300;21200;17100
Lubelskie;2015;2;104500;17500;33400;21700;17000;14900
Lubuskie;2015;2;41500;5500;11500;8800;7600;8100
Lodzkie;2015;2;118000;14500;30100;26700;23300;23400
Malopolskie;2015;2;122600;20900;35200;25400;22500;18600
Mazowieckie;2015;2;227700;30900;61200;50200;42800;42600
Opolskie;2015;2;37200;4700;9800;7400;7500;7800
Podkarpackie;2015;2;120500;19400;36400;26600;22200;15900
Podlaskie;2015;2;55600;9100;16100;10700;10000;9700
Pomorskie;2015;2;82500;12200;23200;17900;15100;14100
Slaskie;2015;2;159600;19000;43200;36000;32200;29200
Swietokrzyskie;2015;2;68500;11200;20000;14400;12200;10700
Warminsko-mazurskie;2015;2;84200;12900;23600;18000;16100;13600
Wielkopolskie;2015;2;101900;16000;29300;21600;18300;16700
Zachodniopomorskie;2015;2;81500;10200;21500;17300;15400;17100
Dolnoslaskie;2015;1;124600;15800;32300;26500;23800;26200
Kujawsko-pomorskie;2015;1;127900;21600;35800;27900;24200;18400
Lubelskie;2015;1;119900;22200;38700;24400;19000;15600
Lubuskie;2015;1;47600;6800;13300;10000;8700;8800
Lodzkie;2015;1;131100;18200;34300;28900;25300;24400
Malopolskie;2015;1;142200;27700;41200;28300;25400;19600
Mazowieckie;2015;1;252100;37300;69000;54500;46600;44700
Opolskie;2015;1;42900;6200;11400;8400;8600;8300
Podkarpackie;2015;1;139900;25600;42600;29800;25200;16700
Podlaskie;2015;1;62300;11000;18200;11800;11100;10200
Pomorskie;2015;1;98000;15900;27600;20900;17900;15700
Slaskie;2015;1;180500;24700;50000;39500;35700;30600
Swietokrzyskie;2015;1;78100;13900;23400;16100;13600;11100
Warminsko-mazurskie;2015;1;98400;16500;27500;20800;18600;15000
Wielkopolskie;2015;1;119400;20700;34600;24700;21200;18200
Zachodniopomorskie;2015;1;95600;13600;25400;19800;18100;18700
